<?xml version="1.0" encoding="UTF-8"?>
<root>
  <item name="com.inmobi.commons.core.network.NetworkError NetworkError(int, java.lang.String) 0">
    <annotation name="androidx.annotation.IntDef">
      <val name="value" val="{com.inmobi.commons.core.network.NetworkError.ErrorCode.NETWORK_UNAVAILABLE_ERROR, com.inmobi.commons.core.network.NetworkError.ErrorCode.UNKNOWN_ERROR, com.inmobi.commons.core.network.NetworkError.ErrorCode.NETWORK_IO_ERROR, com.inmobi.commons.core.network.NetworkError.ErrorCode.OUT_OF_MEMORY_ERROR, com.inmobi.commons.core.network.NetworkError.ErrorCode.INVALID_ENCRYPTED_RESPONSE_RECEIVED, com.inmobi.commons.core.network.NetworkError.ErrorCode.RESPONSE_EXCEEDS_SPECIFIED_SIZE_LIMIT, com.inmobi.commons.core.network.NetworkError.ErrorCode.GZIP_DECOMPRESSION_FAILED, com.inmobi.commons.core.network.NetworkError.ErrorCode.BAD_REQUEST, com.inmobi.commons.core.network.NetworkError.ErrorCode.GDPR_COMPLIANCE_ENFORCED, com.inmobi.commons.core.network.NetworkError.ErrorCode.GENERIC_HTTP_2XX, com.inmobi.commons.core.network.NetworkError.ErrorCode.HTTP_NO_CONTENT, com.inmobi.commons.core.network.NetworkError.ErrorCode.HTTP_NOT_MODIFIED, com.inmobi.commons.core.network.NetworkError.ErrorCode.HTTP_SEE_OTHER, com.inmobi.commons.core.network.NetworkError.ErrorCode.HTTP_SERVER_NOT_FOUND, com.inmobi.commons.core.network.NetworkError.ErrorCode.HTTP_MOVED_TEMP, com.inmobi.commons.core.network.NetworkError.ErrorCode.HTTP_INTERNAL_SERVER_ERROR, com.inmobi.commons.core.network.NetworkError.ErrorCode.HTTP_NOT_IMPLEMENTED, com.inmobi.commons.core.network.NetworkError.ErrorCode.HTTP_BAD_GATEWAY, com.inmobi.commons.core.network.NetworkError.ErrorCode.HTTP_SERVER_NOT_AVAILABLE, com.inmobi.commons.core.network.NetworkError.ErrorCode.HTTP_GATEWAY_TIMEOUT, com.inmobi.commons.core.network.NetworkError.ErrorCode.HTTP_VERSION_NOT_SUPPORTED}" />
    </annotation>
  </item>
  <item name="com.inmobi.commons.core.network.NetworkError int fromValue(int)">
    <annotation name="androidx.annotation.IntDef">
      <val name="value" val="{com.inmobi.commons.core.network.NetworkError.ErrorCode.NETWORK_UNAVAILABLE_ERROR, com.inmobi.commons.core.network.NetworkError.ErrorCode.UNKNOWN_ERROR, com.inmobi.commons.core.network.NetworkError.ErrorCode.NETWORK_IO_ERROR, com.inmobi.commons.core.network.NetworkError.ErrorCode.OUT_OF_MEMORY_ERROR, com.inmobi.commons.core.network.NetworkError.ErrorCode.INVALID_ENCRYPTED_RESPONSE_RECEIVED, com.inmobi.commons.core.network.NetworkError.ErrorCode.RESPONSE_EXCEEDS_SPECIFIED_SIZE_LIMIT, com.inmobi.commons.core.network.NetworkError.ErrorCode.GZIP_DECOMPRESSION_FAILED, com.inmobi.commons.core.network.NetworkError.ErrorCode.BAD_REQUEST, com.inmobi.commons.core.network.NetworkError.ErrorCode.GDPR_COMPLIANCE_ENFORCED, com.inmobi.commons.core.network.NetworkError.ErrorCode.GENERIC_HTTP_2XX, com.inmobi.commons.core.network.NetworkError.ErrorCode.HTTP_NO_CONTENT, com.inmobi.commons.core.network.NetworkError.ErrorCode.HTTP_NOT_MODIFIED, com.inmobi.commons.core.network.NetworkError.ErrorCode.HTTP_SEE_OTHER, com.inmobi.commons.core.network.NetworkError.ErrorCode.HTTP_SERVER_NOT_FOUND, com.inmobi.commons.core.network.NetworkError.ErrorCode.HTTP_MOVED_TEMP, com.inmobi.commons.core.network.NetworkError.ErrorCode.HTTP_INTERNAL_SERVER_ERROR, com.inmobi.commons.core.network.NetworkError.ErrorCode.HTTP_NOT_IMPLEMENTED, com.inmobi.commons.core.network.NetworkError.ErrorCode.HTTP_BAD_GATEWAY, com.inmobi.commons.core.network.NetworkError.ErrorCode.HTTP_SERVER_NOT_AVAILABLE, com.inmobi.commons.core.network.NetworkError.ErrorCode.HTTP_GATEWAY_TIMEOUT, com.inmobi.commons.core.network.NetworkError.ErrorCode.HTTP_VERSION_NOT_SUPPORTED}" />
    </annotation>
  </item>
  <item name="com.inmobi.commons.core.network.NetworkError int getErrorCode()">
    <annotation name="androidx.annotation.IntDef">
      <val name="value" val="{com.inmobi.commons.core.network.NetworkError.ErrorCode.NETWORK_UNAVAILABLE_ERROR, com.inmobi.commons.core.network.NetworkError.ErrorCode.UNKNOWN_ERROR, com.inmobi.commons.core.network.NetworkError.ErrorCode.NETWORK_IO_ERROR, com.inmobi.commons.core.network.NetworkError.ErrorCode.OUT_OF_MEMORY_ERROR, com.inmobi.commons.core.network.NetworkError.ErrorCode.INVALID_ENCRYPTED_RESPONSE_RECEIVED, com.inmobi.commons.core.network.NetworkError.ErrorCode.RESPONSE_EXCEEDS_SPECIFIED_SIZE_LIMIT, com.inmobi.commons.core.network.NetworkError.ErrorCode.GZIP_DECOMPRESSION_FAILED, com.inmobi.commons.core.network.NetworkError.ErrorCode.BAD_REQUEST, com.inmobi.commons.core.network.NetworkError.ErrorCode.GDPR_COMPLIANCE_ENFORCED, com.inmobi.commons.core.network.NetworkError.ErrorCode.GENERIC_HTTP_2XX, com.inmobi.commons.core.network.NetworkError.ErrorCode.HTTP_NO_CONTENT, com.inmobi.commons.core.network.NetworkError.ErrorCode.HTTP_NOT_MODIFIED, com.inmobi.commons.core.network.NetworkError.ErrorCode.HTTP_SEE_OTHER, com.inmobi.commons.core.network.NetworkError.ErrorCode.HTTP_SERVER_NOT_FOUND, com.inmobi.commons.core.network.NetworkError.ErrorCode.HTTP_MOVED_TEMP, com.inmobi.commons.core.network.NetworkError.ErrorCode.HTTP_INTERNAL_SERVER_ERROR, com.inmobi.commons.core.network.NetworkError.ErrorCode.HTTP_NOT_IMPLEMENTED, com.inmobi.commons.core.network.NetworkError.ErrorCode.HTTP_BAD_GATEWAY, com.inmobi.commons.core.network.NetworkError.ErrorCode.HTTP_SERVER_NOT_AVAILABLE, com.inmobi.commons.core.network.NetworkError.ErrorCode.HTTP_GATEWAY_TIMEOUT, com.inmobi.commons.core.network.NetworkError.ErrorCode.HTTP_VERSION_NOT_SUPPORTED}" />
    </annotation>
  </item>
  <item name="com.inmobi.commons.core.network.NetworkError mErrorCode">
    <annotation name="androidx.annotation.IntDef">
      <val name="value" val="{com.inmobi.commons.core.network.NetworkError.ErrorCode.NETWORK_UNAVAILABLE_ERROR, com.inmobi.commons.core.network.NetworkError.ErrorCode.UNKNOWN_ERROR, com.inmobi.commons.core.network.NetworkError.ErrorCode.NETWORK_IO_ERROR, com.inmobi.commons.core.network.NetworkError.ErrorCode.OUT_OF_MEMORY_ERROR, com.inmobi.commons.core.network.NetworkError.ErrorCode.INVALID_ENCRYPTED_RESPONSE_RECEIVED, com.inmobi.commons.core.network.NetworkError.ErrorCode.RESPONSE_EXCEEDS_SPECIFIED_SIZE_LIMIT, com.inmobi.commons.core.network.NetworkError.ErrorCode.GZIP_DECOMPRESSION_FAILED, com.inmobi.commons.core.network.NetworkError.ErrorCode.BAD_REQUEST, com.inmobi.commons.core.network.NetworkError.ErrorCode.GDPR_COMPLIANCE_ENFORCED, com.inmobi.commons.core.network.NetworkError.ErrorCode.GENERIC_HTTP_2XX, com.inmobi.commons.core.network.NetworkError.ErrorCode.HTTP_NO_CONTENT, com.inmobi.commons.core.network.NetworkError.ErrorCode.HTTP_NOT_MODIFIED, com.inmobi.commons.core.network.NetworkError.ErrorCode.HTTP_SEE_OTHER, com.inmobi.commons.core.network.NetworkError.ErrorCode.HTTP_SERVER_NOT_FOUND, com.inmobi.commons.core.network.NetworkError.ErrorCode.HTTP_MOVED_TEMP, com.inmobi.commons.core.network.NetworkError.ErrorCode.HTTP_INTERNAL_SERVER_ERROR, com.inmobi.commons.core.network.NetworkError.ErrorCode.HTTP_NOT_IMPLEMENTED, com.inmobi.commons.core.network.NetworkError.ErrorCode.HTTP_BAD_GATEWAY, com.inmobi.commons.core.network.NetworkError.ErrorCode.HTTP_SERVER_NOT_AVAILABLE, com.inmobi.commons.core.network.NetworkError.ErrorCode.HTTP_GATEWAY_TIMEOUT, com.inmobi.commons.core.network.NetworkError.ErrorCode.HTTP_VERSION_NOT_SUPPORTED}" />
    </annotation>
  </item>
  <item name="com.inmobi.commons.core.network.NetworkError void setErrorCode(int) 0">
    <annotation name="androidx.annotation.IntDef">
      <val name="value" val="{com.inmobi.commons.core.network.NetworkError.ErrorCode.NETWORK_UNAVAILABLE_ERROR, com.inmobi.commons.core.network.NetworkError.ErrorCode.UNKNOWN_ERROR, com.inmobi.commons.core.network.NetworkError.ErrorCode.NETWORK_IO_ERROR, com.inmobi.commons.core.network.NetworkError.ErrorCode.OUT_OF_MEMORY_ERROR, com.inmobi.commons.core.network.NetworkError.ErrorCode.INVALID_ENCRYPTED_RESPONSE_RECEIVED, com.inmobi.commons.core.network.NetworkError.ErrorCode.RESPONSE_EXCEEDS_SPECIFIED_SIZE_LIMIT, com.inmobi.commons.core.network.NetworkError.ErrorCode.GZIP_DECOMPRESSION_FAILED, com.inmobi.commons.core.network.NetworkError.ErrorCode.BAD_REQUEST, com.inmobi.commons.core.network.NetworkError.ErrorCode.GDPR_COMPLIANCE_ENFORCED, com.inmobi.commons.core.network.NetworkError.ErrorCode.GENERIC_HTTP_2XX, com.inmobi.commons.core.network.NetworkError.ErrorCode.HTTP_NO_CONTENT, com.inmobi.commons.core.network.NetworkError.ErrorCode.HTTP_NOT_MODIFIED, com.inmobi.commons.core.network.NetworkError.ErrorCode.HTTP_SEE_OTHER, com.inmobi.commons.core.network.NetworkError.ErrorCode.HTTP_SERVER_NOT_FOUND, com.inmobi.commons.core.network.NetworkError.ErrorCode.HTTP_MOVED_TEMP, com.inmobi.commons.core.network.NetworkError.ErrorCode.HTTP_INTERNAL_SERVER_ERROR, com.inmobi.commons.core.network.NetworkError.ErrorCode.HTTP_NOT_IMPLEMENTED, com.inmobi.commons.core.network.NetworkError.ErrorCode.HTTP_BAD_GATEWAY, com.inmobi.commons.core.network.NetworkError.ErrorCode.HTTP_SERVER_NOT_AVAILABLE, com.inmobi.commons.core.network.NetworkError.ErrorCode.HTTP_GATEWAY_TIMEOUT, com.inmobi.commons.core.network.NetworkError.ErrorCode.HTTP_VERSION_NOT_SUPPORTED}" />
    </annotation>
  </item>
  <item name="com.inmobi.commons.core.network.NetworkError.ErrorCode">
    <annotation name="androidx.annotation.IntDef">
      <val name="value" val="{com.inmobi.commons.core.network.NetworkError.ErrorCode.NETWORK_UNAVAILABLE_ERROR, com.inmobi.commons.core.network.NetworkError.ErrorCode.UNKNOWN_ERROR, com.inmobi.commons.core.network.NetworkError.ErrorCode.NETWORK_IO_ERROR, com.inmobi.commons.core.network.NetworkError.ErrorCode.OUT_OF_MEMORY_ERROR, com.inmobi.commons.core.network.NetworkError.ErrorCode.INVALID_ENCRYPTED_RESPONSE_RECEIVED, com.inmobi.commons.core.network.NetworkError.ErrorCode.RESPONSE_EXCEEDS_SPECIFIED_SIZE_LIMIT, com.inmobi.commons.core.network.NetworkError.ErrorCode.GZIP_DECOMPRESSION_FAILED, com.inmobi.commons.core.network.NetworkError.ErrorCode.BAD_REQUEST, com.inmobi.commons.core.network.NetworkError.ErrorCode.GDPR_COMPLIANCE_ENFORCED, com.inmobi.commons.core.network.NetworkError.ErrorCode.GENERIC_HTTP_2XX, com.inmobi.commons.core.network.NetworkError.ErrorCode.HTTP_NO_CONTENT, com.inmobi.commons.core.network.NetworkError.ErrorCode.HTTP_NOT_MODIFIED, com.inmobi.commons.core.network.NetworkError.ErrorCode.HTTP_SEE_OTHER, com.inmobi.commons.core.network.NetworkError.ErrorCode.HTTP_SERVER_NOT_FOUND, com.inmobi.commons.core.network.NetworkError.ErrorCode.HTTP_MOVED_TEMP, com.inmobi.commons.core.network.NetworkError.ErrorCode.HTTP_INTERNAL_SERVER_ERROR, com.inmobi.commons.core.network.NetworkError.ErrorCode.HTTP_NOT_IMPLEMENTED, com.inmobi.commons.core.network.NetworkError.ErrorCode.HTTP_BAD_GATEWAY, com.inmobi.commons.core.network.NetworkError.ErrorCode.HTTP_SERVER_NOT_AVAILABLE, com.inmobi.commons.core.network.NetworkError.ErrorCode.HTTP_GATEWAY_TIMEOUT, com.inmobi.commons.core.network.NetworkError.ErrorCode.HTTP_VERSION_NOT_SUPPORTED}" />
    </annotation>
  </item>
  <item name="com.inmobi.commons.core.network.NetworkRequest NetworkRequest(java.lang.String, java.lang.String, boolean, boolean, com.inmobi.commons.utils.uid.UidMap) 0">
    <annotation name="androidx.annotation.StringDef">
      <val name="value" val="{com.inmobi.commons.core.network.NetworkRequest.RequestType.GET, com.inmobi.commons.core.network.NetworkRequest.RequestType.POST}" />
    </annotation>
  </item>
  <item name="com.inmobi.commons.core.network.NetworkRequest NetworkRequest(java.lang.String, java.lang.String, boolean, com.inmobi.commons.utils.uid.UidMap) 0">
    <annotation name="androidx.annotation.StringDef">
      <val name="value" val="{com.inmobi.commons.core.network.NetworkRequest.RequestType.GET, com.inmobi.commons.core.network.NetworkRequest.RequestType.POST}" />
    </annotation>
  </item>
  <item name="com.inmobi.commons.core.network.NetworkRequest NetworkRequest(java.lang.String, java.lang.String, boolean, com.inmobi.commons.utils.uid.UidMap, boolean, byte) 0">
    <annotation name="androidx.annotation.StringDef">
      <val name="value" val="{com.inmobi.commons.core.network.NetworkRequest.RequestType.GET, com.inmobi.commons.core.network.NetworkRequest.RequestType.POST}" />
    </annotation>
  </item>
  <item name="com.inmobi.commons.core.network.NetworkRequest NetworkRequest(java.lang.String, java.lang.String, boolean, com.inmobi.commons.utils.uid.UidMap, byte) 0">
    <annotation name="androidx.annotation.StringDef">
      <val name="value" val="{com.inmobi.commons.core.network.NetworkRequest.RequestType.GET, com.inmobi.commons.core.network.NetworkRequest.RequestType.POST}" />
    </annotation>
  </item>
  <item name="com.inmobi.commons.core.network.NetworkRequest java.lang.String getRequestType()">
    <annotation name="androidx.annotation.StringDef">
      <val name="value" val="{com.inmobi.commons.core.network.NetworkRequest.RequestType.GET, com.inmobi.commons.core.network.NetworkRequest.RequestType.POST}" />
    </annotation>
  </item>
  <item name="com.inmobi.commons.core.network.NetworkRequest mRequestType">
    <annotation name="androidx.annotation.StringDef">
      <val name="value" val="{com.inmobi.commons.core.network.NetworkRequest.RequestType.GET, com.inmobi.commons.core.network.NetworkRequest.RequestType.POST}" />
    </annotation>
  </item>
  <item name="com.inmobi.commons.core.network.NetworkRequest.RequestType">
    <annotation name="androidx.annotation.StringDef">
      <val name="value" val="{com.inmobi.commons.core.network.NetworkRequest.RequestType.GET, com.inmobi.commons.core.network.NetworkRequest.RequestType.POST}" />
    </annotation>
  </item>
</root>

