<?xml version="1.0" encoding="UTF-8"?>
<root>
  <item name="com.inmobi.ads.vast.VastCompanionAd java.util.List&lt;com.inmobi.ads.modelsv2.NativeTracker&gt; getTrackingEventsOfType(java.lang.String) 0">
    <annotation name="androidx.annotation.StringDef">
      <val name="value" val="{com.inmobi.ads.modelsv2.NativeTracker.TrackerEventType.TRACKER_EVENT_TYPE_UNKNOWN, com.inmobi.ads.modelsv2.NativeTracker.TrackerEventType.TRACKER_EVENT_TYPE_LOAD, com.inmobi.ads.modelsv2.NativeTracker.TrackerEventType.TRACKER_EVENT_TYPE_CLIENT_FILL, com.inmobi.ads.modelsv2.NativeTracker.TrackerEventType.TRACKER_EVENT_TYPE_RENDER, com.inmobi.ads.modelsv2.NativeTracker.TrackerEventType.TRACKER_EVENT_TYPE_PAGE_VIEW, com.inmobi.ads.modelsv2.NativeTracker.TrackerEventType.TRACKER_EVENT_TYPE_CLICK, com.inmobi.ads.modelsv2.NativeTracker.TrackerEventType.TRACKER_EVENT_TYPE_VIDEO_RENDER, com.inmobi.ads.modelsv2.NativeTracker.TrackerEventType.TRACKER_EVENT_TYPE_FALLBACK_URL, com.inmobi.ads.modelsv2.NativeTracker.TrackerEventType.TRACKER_EVENT_TYPE_PLAY, com.inmobi.ads.modelsv2.NativeTracker.TrackerEventType.TRACKER_EVENT_TYPE_Q1, com.inmobi.ads.modelsv2.NativeTracker.TrackerEventType.TRACKER_EVENT_TYPE_Q2, com.inmobi.ads.modelsv2.NativeTracker.TrackerEventType.TRACKER_EVENT_TYPE_Q3, com.inmobi.ads.modelsv2.NativeTracker.TrackerEventType.TRACKER_EVENT_TYPE_Q4, com.inmobi.ads.modelsv2.NativeTracker.TrackerEventType.TRACKER_EVENT_TYPE_CREATIVE_VIEW, com.inmobi.ads.modelsv2.NativeTracker.TrackerEventType.TRACKER_EVENT_TYPE_FULLSCREEN, com.inmobi.ads.modelsv2.NativeTracker.TrackerEventType.TRACKER_EVENT_TYPE_EXIT_FULLSCREEN, com.inmobi.ads.modelsv2.NativeTracker.TrackerEventType.TRACKER_EVENT_TYPE_MUTE, com.inmobi.ads.modelsv2.NativeTracker.TrackerEventType.TRACKER_EVENT_TYPE_UNMUTE, com.inmobi.ads.modelsv2.NativeTracker.TrackerEventType.TRACKER_EVENT_TYPE_PAUSE, com.inmobi.ads.modelsv2.NativeTracker.TrackerEventType.TRACKER_EVENT_TYPE_RESUME, com.inmobi.ads.modelsv2.NativeTracker.TrackerEventType.TRACKER_EVENT_TYPE_ERROR, com.inmobi.ads.modelsv2.NativeTracker.TrackerEventType.TRACKER_EVENT_TYPE_END_CARD_CLOSE, com.inmobi.ads.modelsv2.NativeTracker.TrackerEventType.TRACKER_EVENT_TYPE_OMID, com.inmobi.ads.modelsv2.NativeTracker.TrackerEventType.TRACKER_EVENT_TYPE_MOAT, com.inmobi.ads.modelsv2.NativeTracker.TrackerEventType.TRACKER_EVENT_TYPE_DOWNLOADER_INIT, com.inmobi.ads.modelsv2.NativeTracker.TrackerEventType.TRACKER_EVENT_TYPE_DOWNLOADER_DOWNLOADING, com.inmobi.ads.modelsv2.NativeTracker.TrackerEventType.TRACKER_EVENT_TYPE_DOWNLOADER_DOWNLOADED, com.inmobi.ads.modelsv2.NativeTracker.TrackerEventType.TRACKER_EVENT_TYPE_DOWNLOADER_ERROR}" />
    </annotation>
  </item>
  <item name="com.inmobi.ads.vast.VastErrorCode">
    <annotation name="androidx.annotation.IntDef">
      <val name="value" val="{com.inmobi.ads.vast.VastErrorCode.NO_ERROR, com.inmobi.ads.vast.VastErrorCode.XML_PARSING_ERROR, com.inmobi.ads.vast.VastErrorCode.SCHEMA_VALIDATION_ERROR, com.inmobi.ads.vast.VastErrorCode.UNSUPPORTED_AD_TYPE, com.inmobi.ads.vast.VastErrorCode.GENERAL_WRAPPER_ERROR, com.inmobi.ads.vast.VastErrorCode.VAST_URI_NETWORK_ERROR, com.inmobi.ads.vast.VastErrorCode.WRAPPER_MAX_LIMIT_EXCEEDED, com.inmobi.ads.vast.VastErrorCode.WRAPPER_NO_AD, com.inmobi.ads.vast.VastErrorCode.GENERAL_LINEAR_ERROR, com.inmobi.ads.vast.VastErrorCode.LINEAR_MEDIA_FILE_NOT_FOUND, com.inmobi.ads.vast.VastErrorCode.MEDIA_FILE_TIMEOUT, com.inmobi.ads.vast.VastErrorCode.NO_SUPPORTED_MEDIA, com.inmobi.ads.vast.VastErrorCode.MEDIA_PLAY_ERROR, com.inmobi.ads.vast.VastErrorCode.GENERAL_COMPANION_ERROR, com.inmobi.ads.vast.VastErrorCode.NO_BEST_FIT_COMPANION, com.inmobi.ads.vast.VastErrorCode.COMPANION_RESOURCE_NOT_ACCESSIBLE, com.inmobi.ads.vast.VastErrorCode.MISSING_SUPPORTED_TYPE_COMPANION, com.inmobi.ads.vast.VastErrorCode.UNDEFINED_ERROR}" />
    </annotation>
  </item>
  <item name="com.inmobi.ads.vast.VastParser boolean appendTracker(java.lang.String, java.lang.String) 0">
    <annotation name="androidx.annotation.StringDef">
      <val name="value" val="{com.inmobi.ads.modelsv2.NativeTracker.TrackerEventType.TRACKER_EVENT_TYPE_UNKNOWN, com.inmobi.ads.modelsv2.NativeTracker.TrackerEventType.TRACKER_EVENT_TYPE_LOAD, com.inmobi.ads.modelsv2.NativeTracker.TrackerEventType.TRACKER_EVENT_TYPE_CLIENT_FILL, com.inmobi.ads.modelsv2.NativeTracker.TrackerEventType.TRACKER_EVENT_TYPE_RENDER, com.inmobi.ads.modelsv2.NativeTracker.TrackerEventType.TRACKER_EVENT_TYPE_PAGE_VIEW, com.inmobi.ads.modelsv2.NativeTracker.TrackerEventType.TRACKER_EVENT_TYPE_CLICK, com.inmobi.ads.modelsv2.NativeTracker.TrackerEventType.TRACKER_EVENT_TYPE_VIDEO_RENDER, com.inmobi.ads.modelsv2.NativeTracker.TrackerEventType.TRACKER_EVENT_TYPE_FALLBACK_URL, com.inmobi.ads.modelsv2.NativeTracker.TrackerEventType.TRACKER_EVENT_TYPE_PLAY, com.inmobi.ads.modelsv2.NativeTracker.TrackerEventType.TRACKER_EVENT_TYPE_Q1, com.inmobi.ads.modelsv2.NativeTracker.TrackerEventType.TRACKER_EVENT_TYPE_Q2, com.inmobi.ads.modelsv2.NativeTracker.TrackerEventType.TRACKER_EVENT_TYPE_Q3, com.inmobi.ads.modelsv2.NativeTracker.TrackerEventType.TRACKER_EVENT_TYPE_Q4, com.inmobi.ads.modelsv2.NativeTracker.TrackerEventType.TRACKER_EVENT_TYPE_CREATIVE_VIEW, com.inmobi.ads.modelsv2.NativeTracker.TrackerEventType.TRACKER_EVENT_TYPE_FULLSCREEN, com.inmobi.ads.modelsv2.NativeTracker.TrackerEventType.TRACKER_EVENT_TYPE_EXIT_FULLSCREEN, com.inmobi.ads.modelsv2.NativeTracker.TrackerEventType.TRACKER_EVENT_TYPE_MUTE, com.inmobi.ads.modelsv2.NativeTracker.TrackerEventType.TRACKER_EVENT_TYPE_UNMUTE, com.inmobi.ads.modelsv2.NativeTracker.TrackerEventType.TRACKER_EVENT_TYPE_PAUSE, com.inmobi.ads.modelsv2.NativeTracker.TrackerEventType.TRACKER_EVENT_TYPE_RESUME, com.inmobi.ads.modelsv2.NativeTracker.TrackerEventType.TRACKER_EVENT_TYPE_ERROR, com.inmobi.ads.modelsv2.NativeTracker.TrackerEventType.TRACKER_EVENT_TYPE_END_CARD_CLOSE, com.inmobi.ads.modelsv2.NativeTracker.TrackerEventType.TRACKER_EVENT_TYPE_OMID, com.inmobi.ads.modelsv2.NativeTracker.TrackerEventType.TRACKER_EVENT_TYPE_MOAT, com.inmobi.ads.modelsv2.NativeTracker.TrackerEventType.TRACKER_EVENT_TYPE_DOWNLOADER_INIT, com.inmobi.ads.modelsv2.NativeTracker.TrackerEventType.TRACKER_EVENT_TYPE_DOWNLOADER_DOWNLOADING, com.inmobi.ads.modelsv2.NativeTracker.TrackerEventType.TRACKER_EVENT_TYPE_DOWNLOADER_DOWNLOADED, com.inmobi.ads.modelsv2.NativeTracker.TrackerEventType.TRACKER_EVENT_TYPE_DOWNLOADER_ERROR}" />
    </annotation>
  </item>
  <item name="com.inmobi.ads.vast.VastParser void fireErrorTracker(int) 0">
    <annotation name="androidx.annotation.IntDef">
      <val name="value" val="{com.inmobi.ads.vast.VastErrorCode.NO_ERROR, com.inmobi.ads.vast.VastErrorCode.XML_PARSING_ERROR, com.inmobi.ads.vast.VastErrorCode.SCHEMA_VALIDATION_ERROR, com.inmobi.ads.vast.VastErrorCode.UNSUPPORTED_AD_TYPE, com.inmobi.ads.vast.VastErrorCode.GENERAL_WRAPPER_ERROR, com.inmobi.ads.vast.VastErrorCode.VAST_URI_NETWORK_ERROR, com.inmobi.ads.vast.VastErrorCode.WRAPPER_MAX_LIMIT_EXCEEDED, com.inmobi.ads.vast.VastErrorCode.WRAPPER_NO_AD, com.inmobi.ads.vast.VastErrorCode.GENERAL_LINEAR_ERROR, com.inmobi.ads.vast.VastErrorCode.LINEAR_MEDIA_FILE_NOT_FOUND, com.inmobi.ads.vast.VastErrorCode.MEDIA_FILE_TIMEOUT, com.inmobi.ads.vast.VastErrorCode.NO_SUPPORTED_MEDIA, com.inmobi.ads.vast.VastErrorCode.MEDIA_PLAY_ERROR, com.inmobi.ads.vast.VastErrorCode.GENERAL_COMPANION_ERROR, com.inmobi.ads.vast.VastErrorCode.NO_BEST_FIT_COMPANION, com.inmobi.ads.vast.VastErrorCode.COMPANION_RESOURCE_NOT_ACCESSIBLE, com.inmobi.ads.vast.VastErrorCode.MISSING_SUPPORTED_TYPE_COMPANION, com.inmobi.ads.vast.VastErrorCode.UNDEFINED_ERROR}" />
    </annotation>
  </item>
  <item name="com.inmobi.ads.vast.VastParser void setVastErrorAndFireTracker(int) 0">
    <annotation name="androidx.annotation.IntDef">
      <val name="value" val="{com.inmobi.ads.vast.VastErrorCode.NO_ERROR, com.inmobi.ads.vast.VastErrorCode.XML_PARSING_ERROR, com.inmobi.ads.vast.VastErrorCode.SCHEMA_VALIDATION_ERROR, com.inmobi.ads.vast.VastErrorCode.UNSUPPORTED_AD_TYPE, com.inmobi.ads.vast.VastErrorCode.GENERAL_WRAPPER_ERROR, com.inmobi.ads.vast.VastErrorCode.VAST_URI_NETWORK_ERROR, com.inmobi.ads.vast.VastErrorCode.WRAPPER_MAX_LIMIT_EXCEEDED, com.inmobi.ads.vast.VastErrorCode.WRAPPER_NO_AD, com.inmobi.ads.vast.VastErrorCode.GENERAL_LINEAR_ERROR, com.inmobi.ads.vast.VastErrorCode.LINEAR_MEDIA_FILE_NOT_FOUND, com.inmobi.ads.vast.VastErrorCode.MEDIA_FILE_TIMEOUT, com.inmobi.ads.vast.VastErrorCode.NO_SUPPORTED_MEDIA, com.inmobi.ads.vast.VastErrorCode.MEDIA_PLAY_ERROR, com.inmobi.ads.vast.VastErrorCode.GENERAL_COMPANION_ERROR, com.inmobi.ads.vast.VastErrorCode.NO_BEST_FIT_COMPANION, com.inmobi.ads.vast.VastErrorCode.COMPANION_RESOURCE_NOT_ACCESSIBLE, com.inmobi.ads.vast.VastErrorCode.MISSING_SUPPORTED_TYPE_COMPANION, com.inmobi.ads.vast.VastErrorCode.UNDEFINED_ERROR}" />
    </annotation>
  </item>
  <item name="com.inmobi.ads.vast.VastResponse int getErrorCode()">
    <annotation name="androidx.annotation.IntDef">
      <val name="value" val="{com.inmobi.ads.vast.VastErrorCode.NO_ERROR, com.inmobi.ads.vast.VastErrorCode.XML_PARSING_ERROR, com.inmobi.ads.vast.VastErrorCode.SCHEMA_VALIDATION_ERROR, com.inmobi.ads.vast.VastErrorCode.UNSUPPORTED_AD_TYPE, com.inmobi.ads.vast.VastErrorCode.GENERAL_WRAPPER_ERROR, com.inmobi.ads.vast.VastErrorCode.VAST_URI_NETWORK_ERROR, com.inmobi.ads.vast.VastErrorCode.WRAPPER_MAX_LIMIT_EXCEEDED, com.inmobi.ads.vast.VastErrorCode.WRAPPER_NO_AD, com.inmobi.ads.vast.VastErrorCode.GENERAL_LINEAR_ERROR, com.inmobi.ads.vast.VastErrorCode.LINEAR_MEDIA_FILE_NOT_FOUND, com.inmobi.ads.vast.VastErrorCode.MEDIA_FILE_TIMEOUT, com.inmobi.ads.vast.VastErrorCode.NO_SUPPORTED_MEDIA, com.inmobi.ads.vast.VastErrorCode.MEDIA_PLAY_ERROR, com.inmobi.ads.vast.VastErrorCode.GENERAL_COMPANION_ERROR, com.inmobi.ads.vast.VastErrorCode.NO_BEST_FIT_COMPANION, com.inmobi.ads.vast.VastErrorCode.COMPANION_RESOURCE_NOT_ACCESSIBLE, com.inmobi.ads.vast.VastErrorCode.MISSING_SUPPORTED_TYPE_COMPANION, com.inmobi.ads.vast.VastErrorCode.UNDEFINED_ERROR}" />
    </annotation>
  </item>
  <item name="com.inmobi.ads.vast.VastResponse mErrorCode">
    <annotation name="androidx.annotation.IntDef">
      <val name="value" val="{com.inmobi.ads.vast.VastErrorCode.NO_ERROR, com.inmobi.ads.vast.VastErrorCode.XML_PARSING_ERROR, com.inmobi.ads.vast.VastErrorCode.SCHEMA_VALIDATION_ERROR, com.inmobi.ads.vast.VastErrorCode.UNSUPPORTED_AD_TYPE, com.inmobi.ads.vast.VastErrorCode.GENERAL_WRAPPER_ERROR, com.inmobi.ads.vast.VastErrorCode.VAST_URI_NETWORK_ERROR, com.inmobi.ads.vast.VastErrorCode.WRAPPER_MAX_LIMIT_EXCEEDED, com.inmobi.ads.vast.VastErrorCode.WRAPPER_NO_AD, com.inmobi.ads.vast.VastErrorCode.GENERAL_LINEAR_ERROR, com.inmobi.ads.vast.VastErrorCode.LINEAR_MEDIA_FILE_NOT_FOUND, com.inmobi.ads.vast.VastErrorCode.MEDIA_FILE_TIMEOUT, com.inmobi.ads.vast.VastErrorCode.NO_SUPPORTED_MEDIA, com.inmobi.ads.vast.VastErrorCode.MEDIA_PLAY_ERROR, com.inmobi.ads.vast.VastErrorCode.GENERAL_COMPANION_ERROR, com.inmobi.ads.vast.VastErrorCode.NO_BEST_FIT_COMPANION, com.inmobi.ads.vast.VastErrorCode.COMPANION_RESOURCE_NOT_ACCESSIBLE, com.inmobi.ads.vast.VastErrorCode.MISSING_SUPPORTED_TYPE_COMPANION, com.inmobi.ads.vast.VastErrorCode.UNDEFINED_ERROR}" />
    </annotation>
  </item>
  <item name="com.inmobi.ads.vast.VastResponse void setErrorCode(int) 0">
    <annotation name="androidx.annotation.IntDef">
      <val name="value" val="{com.inmobi.ads.vast.VastErrorCode.NO_ERROR, com.inmobi.ads.vast.VastErrorCode.XML_PARSING_ERROR, com.inmobi.ads.vast.VastErrorCode.SCHEMA_VALIDATION_ERROR, com.inmobi.ads.vast.VastErrorCode.UNSUPPORTED_AD_TYPE, com.inmobi.ads.vast.VastErrorCode.GENERAL_WRAPPER_ERROR, com.inmobi.ads.vast.VastErrorCode.VAST_URI_NETWORK_ERROR, com.inmobi.ads.vast.VastErrorCode.WRAPPER_MAX_LIMIT_EXCEEDED, com.inmobi.ads.vast.VastErrorCode.WRAPPER_NO_AD, com.inmobi.ads.vast.VastErrorCode.GENERAL_LINEAR_ERROR, com.inmobi.ads.vast.VastErrorCode.LINEAR_MEDIA_FILE_NOT_FOUND, com.inmobi.ads.vast.VastErrorCode.MEDIA_FILE_TIMEOUT, com.inmobi.ads.vast.VastErrorCode.NO_SUPPORTED_MEDIA, com.inmobi.ads.vast.VastErrorCode.MEDIA_PLAY_ERROR, com.inmobi.ads.vast.VastErrorCode.GENERAL_COMPANION_ERROR, com.inmobi.ads.vast.VastErrorCode.NO_BEST_FIT_COMPANION, com.inmobi.ads.vast.VastErrorCode.COMPANION_RESOURCE_NOT_ACCESSIBLE, com.inmobi.ads.vast.VastErrorCode.MISSING_SUPPORTED_TYPE_COMPANION, com.inmobi.ads.vast.VastErrorCode.UNDEFINED_ERROR}" />
    </annotation>
  </item>
</root>

